#{"t_start": 1775392479.2257001, "env_id": "None"}
r,l,t,matches_won,enemy_matches_won,health,enemy_health01.074536,998,16.844661,2,1,62,00.0.52318,1007,32.334286,1,2,0.8910-0.54364,996,48.31427,1,2,-1,1420100.975594,963,58.657117,1,2,-1,1.1.0.87154,1017,74.155177,1,2,-1,00.1.532093,530,83.184317,2,0,00.92780.352937,843,96.013094,1,2,-0.52793,1008,105.822284,2,1,0,0.230.8490.42554,926,119.370088,0.3352260.250.17318,841,132.994093,1,2,-0.978600.023,557,141.802873,00.728860.570.813372,891,156.053121,10.329090.677412,901,169.025556,1,2,-0.56401.077086,983,184.608382,1,2,-10.740.874093,892,198.973628,2,1,24,-100.841373,1103,216.298278,1,2,-10.3710.52818,1028,232.552393,1,2,-1,176
-0.129,429,239.417041,0,2,-0.601210.043,497,247.30.321,706,2470.330.904372,1081,264.385765,1,2,-1,21
0.514,796,277.352235,0,2,-1,24
0.969307,1011,292.988173,1,2,-1,40
0.959509,1092,311.042387,2,1,80,-1
-0.034,4150.870895,849,319.4461120.717594,841,330.715949,1,2,-1,65
0.735886,724,341.912847,1,2,-1,42
0.464,770,354.85742,0,2,-1,73
0.65407,763,366.884226,1,2,-1,176
0.874086,994,382.820711,1,2,-1,24
0.80987,825,396.319349,1,2,-1,28
1.221311,798,409.260512,2,1,138,-1
0.928456,945,423.736519,2,1,77,-1
0.489,592,433.882375,0,2,0.928650.072,446,440.399587,0,2,-1,0.2820.947139,859,454.524174,2,1,0,-0.471,1029,469.728675,0,2,-1,111
1.010.307,597,478.521032,0,2,-1,820.0.14,716,489.858118,0,2,-1,46
0.331034,778,502.93365,1,2,-1,140
0.212,558,512.271947,0,2,-1,11100.161,679,523.302882,0,2,-1,8301.436535,864,537.929834,2,1,153,-0.970516,953,548.437113,1,2,-1,55
0.562217,866,562.402572,1,2,-1,1180.0.574386,1112,580.703307,1,2,-1,53
0.542206,803,594.757367,1,2,-1,125
0.087,566,603.962066,0,2,-1,169
0.004,363,609.421293,1.13205,90.41.017339,491,617.506741.091133,8460.973477,938,633.078308,1,2,-1,14700.449,664,644.533345,0,2,-1,5
0.926,1055,662.027648,0,2,-1,17
1.13064,1043,679.312409,2,1,51,-1
0.623594,771,691.80896,1,2,-1,2
0.949464,459,699.513683,2,0,115,-1
0.283,510,707.847822,0,2,-1,139
0.491,600,717.565867,0,2,-1,75
0.351,637,727.971626,0.605206,100.212,764,741.061139,0,2,-1,133
1.367662,876,755.570112,20.983997,100.25,513,763.945422,0,2,-0.3850.656010.888858,1038,780.01153,1,20.8982140.967222,808,792.577633,1,2,-1,4
0.999516,863,806.806474,1,0.992495,1.20797,375,813.094897,2,01.066441,1.280448,717,824.310371,2,0.789528,986,838.311778,1,2,-1,2
0.904267,1.062585,833,847.531679,20.275,600,1.139761,949,862.758010.671934,866,80.561,581,871.921748,0.735623,750.646831,607,881.477436,0.944834,923,895.84729,2,1,11,-1
-0.226,417,902.581112,0,2,-1,140
0.6642871.197594,1003,915.613217,1,0.755137,940,930.922037,2,1,6,-1
0.824999,953,946.459592,1,2,-1,79
-0.064,528,955.049388,0,2,-1,83
0.420.905645,936,969.807043,2,10.838978,1000,981.977525,2,1,1,-1
1.120879,0.496,673,992.202837,0,2,-10.109,645,1001.52857,0,2,-1,24
1.291289,832,1015.185812,2,1,148,-1
0.822594,735,1027.257909,1,2,-1,4
0.72678,676,1039.537582,2,0,4,-1
0.807098,506,1047.796073,2,0,24,-1
1.087552,871,1061.689894,2,1,96,-1
0.304,621,1073.417056,0,2,-1,60
0.916435,535,1082.601698,2,0,36,-1
0.714778,545,1091.595696,2,0,40.74970.326192,892,1106.812692,1,2,-1.03671.393501,646,1117.028668,2,1,0.9178460.795973,658,1127.499017,2,01.0837360.626,1021,1144.541126,0,2,-1,140
0.833472,513,1153.051342,2,0,12,-1
0.331,474,1160.615827,0,2,-10.7770.984848,824,1174.451605,2,1,60.81080.981877,939,1189.338339,2,1,14,-1
1.016625,519,1197.761418,2,0,1.05200.850874,990,1213.703893,1,2,-1,23
0.901472,924,1229.571046,1,2,-1,3
0.93005,784,1244.091075,1,2,-1,147
0.831928,521,1253.76711,2,0,98,-1
0.273,570,1264.160118,0,2,-1,0.80.824966,507,1273.309216,2,0,110.45721.372743,869,1288.34829,2,1,25,0.030.893839,420,1294.675502,2,0,10.739060.463,582,1305.033987,0,2,-1,0.950.640352,842,1318.841854,1,2,-1,1.228162,1049,1337.699426,2,1,98,-1
0.755625,915,1355.659968,1,2,-1,67
0.886535,978,1375.216604,1,2,-1,18
1.128352,801,1389.908747,2,1,123,-1
0.741206,1029,1410.287264,1,2,-1,71
0.71547,686,1424.279818,2,0,6,-1
0.21,589,1434.816378,0,2,-1,58
0.409,547,1444.002897,0,2,-1,63
1.185594,776,1456.206977,1,2,-1,15
0.750734,626,1467.105929,2,0,1,-1
0.585217,719,1478.217051,1,2,-1,147
0.959522,449,1485.390177,2,0,65,-1
1.700.910386,1034,1495.903772,1,2,-1,1.136108,904,1510.854405,2,1,93,-1
1.345564,694,1522.104521,2,1,98,-1
1.986157,718,1533.179775,2,1,139,-10.979516,933,1546.166102,1,2,-1,310.736307,935,1559.9322,1,2,-1,5
0.66899,744,1572.103197,1,2,-1,131
0.972887,845,1586.868087,2,1,29,-1
1.135066,839,1601.434353,2,1,124,-1
0.81.722627,830,1608.857147,2,1,176,-0.169,573,1619.256674,0,2,-1,11
1.333566,744,1631.297575,2,1,150,-1
0.754819,1024,1647.618143,2,1,35,-1
0.798529,486,1655.318398,2,0,72,-1
0.955508,902,1670.211811,2,1,14,-1
0.773428,667,1680.661092,2,0,33,-1
0.197,463,1688.092856,0,2,-1,31
1.042171,738,1699.536204,2,1,10,-1
0.667386,769,1712.445688,1,1,-1,110
0.984585,477,1720.18826,2,0,58,-1
0.819594,802,1732.923723,1,2,-1,140
0.875937,938,1748.512222,1,2,-1,5
0.785868,917,1763.51865,1,2,-1,75
0.488,572,1772.670696,0,2,-1,75
1.187634,846,1786.468968,2,1,98,-1
0.894731,562,1795.493515,2,0,124,-1
0.907084,977,1811.517469,2,1,16,-1
0.852989,848,1824.740058,2,1,50,-1
1.183104,951,1840.398062,2,1,9,-1
0.63,666,1852.289009,0,2,-1,36
0.264,532,1861.052974,0,2,-1,147
0.703286,479,1868.916895,2,0,30,-1
0.761589,553,1877.86391,2,0,20,-1
0.767207,744,1889.7242,2,1,109,-1
0.841587,918,1905.201956,1,2,-1,2
0.642896,841,1918.66609,1,2,-1,79
1.463352,506,1927.101596,2,0,61,-1
2,1,176,-1
1.041367,851,1897.875727,2,1,4,-1
0.716,636,1908.383569,0,2,-1,9
0.71609,1028,1925.398026,2,1,13,-1
1.090049,867,1940.11564,1,2,-1,25
069,428,1918.01.006,927,1920.140.718631,538,190.987585,903,1934.5170.362275,797,1940.641127,1,2,-1,176
931.723101,0,2,-1,72
0.388,534,1940.626288,0,2,-1,31
930.854985,2,0,131,-1
736,524,1664.048154,2,0,46,-1
1.432017,415,1670.759589,2,0,176,-1
0.949698,397,1677.285053,2,0,119,-1
0.939424,452,1683.854408,2,0,91,-1
1.50234,445,1691.034307,2,0,176,-1
0.821498,450,1698.274449,2,0,80,-1
0.957593,485,1706.197389,2,0,28,-1
0.418592,704,1718.132963,1,2,-1,169
0.860303,447,1724.761024,2,0,72,-1
1.270293,427,1731.898961,2,0,92,-1
1.040348,386,1738.279173,2,0,144,-1
0.762416,501,1746.68145,2,0,72,-1
0.781422,597,1756.362188,2,0,69,-1
1.597912,738,1768.567431,2,1,118,-1
0.788566,465,1775.443836,2,0,88,-1
0.849124,572,1785.23455,2,0,80,-1
1.215024,428,1791.616876,2,0,149,-1
0.887393,547,1801.095985,2,0,66,-1
1.149605,459,1807.967523,2,0,51,-1
1.27781,837,1821.853682,1,2,-1,11
0.746519,572,1830.942986,2,0,76,-1
0.725939,559,1840.098918,2,0,48,-1
1.478582,339,1846.177945,2,0,89,-1
0.583,616,1856.276591,0,2,-1,3
0.579912,717,1868.530195,2,0,20,-1
1.265942,388,1874.335195,2,0,101,-1
0.886848,492,1882.330441,2,0,129,-1
0.725397,589,1891.927156,2,0,49,-1
1.198019,790,1905.473931,2,1,110,-1
0.920669,439,1913.001245,2,0,17,-1
1.401466,409,1919.915769,2,0,117,-1
0.845996,565,1929.191984,2,0,46,-1
0.717748,776,1941.685414,2,0,7,-1
,155,-1
0.986161,468,1909.894978,2,0,34,-1
1.04965,408,1916.769911,2,0,39,1.041.400506,805,1930.492059,2,1,74,-1
005,577,191.009881,459,1932.1510.945562,469,1930.352,514,1940.747231,0,2,-1,34
1932.62264,2,0,117,-1
0.799358,566,1941.963551,2,0,56,-1
,0,143,-1
